X_tag_graph_Uniform 1.0 weight_k_core;1191;1188;1153;1088;1039;978;939;883;837;790;759;714;684;640;597;578;549;527;501;461;437;412;405;385;375;365;358;343;340;330;315;305;293;282;262;257;253;251;243;238;235;227;220;211;210;201;200;193;182;170;157;155;150;140;138;115;107;102;101;94;89;80;72;69;66;64;63;60;55;53;51;50;45;44;39;36;29;26;24;23;20;18;16;15;14;12;11;10;8;7;4;3;2;;;;;;;;;;;;;;;;;;;;;;;;;;;;;;;;;;;;;;;;;;;;;;;;;;;;;;;;;;;;;;;;;;;;;;;;;;;;;;;;;;;;;;;;;;;;;;;;;;;;;;;;;;;;;;;;;;;;;;;;;;;;;;;;;;;;;;;;;;;;;;;;;;;;;;;;;;;;;;;;;;;;;;;;;;;;;;;;;;;;;;;;;;;;;;;;;;;;;;;;;;;;;;;;;;;;;;;;;;;;;;;;;;;;;;;;;;;;;;;;;;;;;;;;;;;;;;;;;;;;;;;;;;;;;;;;;;;;;;;;;;;;;;;;;;;;;;;;;;;;;;;;;;;;;;;;;;;;;;;;;;;;;;;;;;;;;;;;;;;;;;;;;;;;;;;;;;;;;;;;;;;;;;;;;;;;;;;;;;;;;;;;;;;;;;;;;;;;;;;;;;;;;;;;;;;;;;;;;;;;;;;;;;;;;;;;;;;;;;;;;;;;;;;;;;;;;;;;;;;;;;;;;;;;;;;;;;;;;;;;;;;;;;;;;;;;;;;;;;;;;;;;;;;;;;;;;;;;;;;;;;;;;;;;;;;;;;;;;;;;;;;;;;;;;;;;;;;;;;;;;;;;;;;;;;;;;;;;;;;;;;;;;;;;;;;;;;;;;;;;;;;;;;;;;;;;;;;;;;;;;;;;;;;;;;;;;;;;;;;;;;;;;;;;;;;;;;;;;;;;;;;;;;;;;;;;;;;;;;;;;;;;;;;;;;;;;;;;;;;;;;;;;;;;;;;;;;;;;;;;;;;;;;;;;;;;;;;;;;;;;;;;;;;;;;;;;;;;;;;;;;;;;;;;;;;;;;;;;;;;;;;;;;;;;;;;;;;;;;;;;;;;;;;;;;;;;;;;;;;;;;;;;;;;;;;;;;;;;;;;;;;;;;;;;;;;;;;;;;;;;;;;;;;;;;;;;;;;;;;;;;;;;;;;;;;;;;;;;;;;;;;;;;;;;;;;;;;;;;;;;;;;;;;;;;;;;;;;;;;;;;;;;;;;;;;;;;;;;;;;;;;;;;;;;;;;;;;;;;;;;;;;;;;;;;;;;;;;;;;;;;;;;;;;;;;;;;;;;;;;;;;;;;;;;;;;;;;;;;;;;;;;;;;;;;;;;;;;;;;;;;;;;;;;;;;;;;;;;;;;;;;;;;;;;;;;;;;;;;;;;;;;;;;;;;;;;;;;;
Y_tag_graph_Uniform 1.0 weight_k_core;14105;13802;13767;13657;13535;13361;13200;12953;12688;12406;12207;11875;11611;11259;10849;10676;10358;10121;9800;9273;8899;8560;8453;8165;7995;7850;7733;7530;7466;7306;7039;6860;6616;6418;5921;5843;5752;5646;5495;5376;5317;5196;5035;4881;4850;4657;4592;4452;4202;3795;3415;3365;3224;2954;2923;2148;1924;1758;1735;1574;1480;1257;1077;1017;958;914;891;827;782;731;696;661;550;524;438;380;275;251;220;215;173;144;120;105;91;66;55;45;28;21;6;3;1;;;;;;;;;;;;;;;;;;;;;;;;;;;;;;;;;;;;;;;;;;;;;;;;;;;;;;;;;;;;;;;;;;;;;;;;;;;;;;;;;;;;;;;;;;;;;;;;;;;;;;;;;;;;;;;;;;;;;;;;;;;;;;;;;;;;;;;;;;;;;;;;;;;;;;;;;;;;;;;;;;;;;;;;;;;;;;;;;;;;;;;;;;;;;;;;;;;;;;;;;;;;;;;;;;;;;;;;;;;;;;;;;;;;;;;;;;;;;;;;;;;;;;;;;;;;;;;;;;;;;;;;;;;;;;;;;;;;;;;;;;;;;;;;;;;;;;;;;;;;;;;;;;;;;;;;;;;;;;;;;;;;;;;;;;;;;;;;;;;;;;;;;;;;;;;;;;;;;;;;;;;;;;;;;;;;;;;;;;;;;;;;;;;;;;;;;;;;;;;;;;;;;;;;;;;;;;;;;;;;;;;;;;;;;;;;;;;;;;;;;;;;;;;;;;;;;;;;;;;;;;;;;;;;;;;;;;;;;;;;;;;;;;;;;;;;;;;;;;;;;;;;;;;;;;;;;;;;;;;;;;;;;;;;;;;;;;;;;;;;;;;;;;;;;;;;;;;;;;;;;;;;;;;;;;;;;;;;;;;;;;;;;;;;;;;;;;;;;;;;;;;;;;;;;;;;;;;;;;;;;;;;;;;;;;;;;;;;;;;;;;;;;;;;;;;;;;;;;;;;;;;;;;;;;;;;;;;;;;;;;;;;;;;;;;;;;;;;;;;;;;;;;;;;;;;;;;;;;;;;;;;;;;;;;;;;;;;;;;;;;;;;;;;;;;;;;;;;;;;;;;;;;;;;;;;;;;;;;;;;;;;;;;;;;;;;;;;;;;;;;;;;;;;;;;;;;;;;;;;;;;;;;;;;;;;;;;;;;;;;;;;;;;;;;;;;;;;;;;;;;;;;;;;;;;;;;;;;;;;;;;;;;;;;;;;;;;;;;;;;;;;;;;;;;;;;;;;;;;;;;;;;;;;;;;;;;;;;;;;;;;;;;;;;;;;;;;;;;;;;;;;;;;;;;;;;;;;;;;;;;;;;;;;;;;;;;;;;;;;;;;;;;;;;;;;;;;;;;;;;;;;;;;;;;;;;;;;;;;;;;;;;;;;;;;;;;;;;;;;;;;;;;;;;;;;;;;;;;;;;;;;;;;;;;;;;;;;;;;;;;;;;;;;;;;;;;;;;;
X_tag_graph_Clique;1191;1191;1191;1191;1191;1191;1191;1191;1191;1191;1191;1191;1191;1184;1177;1177;1177;1177;1170;1170;1170;1170;1170;1170;1170;1170;1170;1170;1170;1170;1170;1168;1168;1168;1168;1168;1167;1167;1167;1167;1167;1167;1166;1166;1166;1166;1166;1166;1166;1166;1166;1166;1166;1166;1166;1166;1166;1166;1166;1162;1161;1161;1161;1161;1156;1155;1155;1154;1151;1146;1146;1146;1146;1146;1146;1146;1146;1146;1146;1146;1146;1146;1146;1146;1146;1146;1146;1146;1146;1146;1144;1144;1144;1144;1144;1144;1144;1144;1144;1143;1143;1143;1143;1143;1143;1143;1138;1138;1138;1138;1138;1134;1133;1133;1133;1133;1133;1133;1133;1133;1133;1133;1128;1128;1128;1127;1127;1126;1126;1124;1124;1124;1124;1124;1124;1124;1123;1123;1108;1108;1108;1108;1108;1108;1108;1108;1108;1108;1108;1108;1108;1105;1105;1100;1100;1100;1100;1100;1100;1100;1100;1100;1100;1100;1100;1100;1100;1100;1100;1099;1095;1095;1094;1094;1092;1092;1092;1092;1092;1092;1089;1089;1089;1089;1089;1089;1089;1089;1089;1089;1089;1089;1089;1089;1089;1089;1089;1089;1089;1083;1083;1083;1083;1083;1083;1083;1083;1083;1083;1083;1083;1083;1083;1083;1083;1083;1082;1082;1082;1072;1072;1072;1072;1072;1071;1071;1071;1071;1071;1071;1071;1071;1063;1063;1063;1063;1063;1063;1063;1062;1062;1062;1062;1062;1061;1061;1061;1061;1061;1061;1061;1061;1061;1061;1061;1061;1061;1061;1060;1060;1060;1032;1032;1032;1029;1029;1029;1029;1029;1028;1028;1028;1028;1028;1028;1027;1027;1027;1027;1027;1027;1027;1027;1027;1027;1027;1027;1027;1027;1027;1027;1027;1027;1027;1027;1027;1027;1027;1027;1027;1027;1027;1010;1010;1010;1010;1010;1010;1010;1010;1010;1010;1010;1010;1010;1010;1010;1010;1010;1010;1010;1010;1010;1010;1010;999;999;998;998;998;998;998;998;998;998;997;997;997;997;997;997;996;996;996;996;996;996;996;996;996;996;996;996;996;996;982;982;982;982;982;982;982;982;982;982;982;982;982;982;982;982;982;982;982;982;982;982;982;982;982;982;982;982;982;982;982;982;982;982;982;982;982;982;982;964;964;964;952;952;952;952;952;952;952;952;952;952;952;952;952;952;952;952;951;949;949;949;949;949;949;949;949;949;949;949;949;949;949;949;949;949;949;949;949;949;949;949;949;949;948;948;948;948;948;948;948;948;944;944;944;923;922;922;922;922;922;922;922;922;922;921;921;921;921;921;921;921;921;921;921;921;921;921;921;921;921;904;904;904;904;904;904;902;902;902;902;902;902;902;902;902;902;902;902;902;902;902;902;902;899;899;899;899;899;899;899;899;899;899;899;899;899;899;899;899;899;899;899;899;899;899;876;876;876;876;876;876;875;875;875;874;874;874;874;874;874;874;874;874;874;874;874;874;872;871;871;871;871;871;871;871;871;868;868;868;868;868;868;868;867;867;867;867;867;867;867;867;867;867;867;867;867;867;867;867;867;846;846;846;846;846;846;846;846;846;846;845;845;845;845;845;845;845;829;829;829;829;829;829;827;827;827;827;827;827;827;827;827;827;827;827;827;827;827;827;827;827;827;827;827;827;826;826;826;826;826;826;826;826;826;826;824;824;823;823;823;823;823;823;823;823;823;823;823;823;823;823;823;822;812;812;812;812;812;812;812;810;810;810;810;810;810;810;810;810;809;786;786;786;786;786;785;785;785;785;785;785;785;785;785;763;762;762;762;761;761;761;761;761;761;761;759;759;759;759;759;759;759;759;759;758;758;758;758;758;757;757;756;756;756;756;756;756;756;756;756;756;756;756;756;756;756;756;755;753;753;752;751;750;750;750;750;749;749;747;747;747;747;747;746;746;746;746;746;746;746;746;745;745;745;745;745;745;745;745;745;745;745;745;744;743;743;743;743;743;712;712;712;712;712;712;712;712;712;712;711;711;711;707;707;707;706;706;706;706;706;706;706;706;706;706;706;706;706;706;706;706;705;705;705;705;705;665;664;664;664;664;664;663;662;662;662;661;661;661;660;660;660;660;660;660;660;660;660;660;660;659;659;659;658;657;657;656;655;655;655;655;655;655;655;652;651;651;651;651;651;650;650;650;650;649;646;645;645;645;645;645;645;640;640;640;640;640;640;640;640;640;640;640;602;600;598;598;597;597;597;597;596;596;594;594;594;594;594;594;594;594;594;594;593;593;593;593;593;593;593;593;593;592;592;592;592;592;591;591;591;589;589;589;589;589;589;589;589;589;589;589;589;588;583;583;583;583;583;583;583;583;582;582;581;581;580;579;579;579;579;579;579;579;579;454;452;451;451;451;450;450;450;449;448;447;447;447;447;447;447;447;447;445;445;445;444;443;443;443;443;441;440;440;440;440;440;438;438;438;438;438;437;437;435;435;435;433;433;433;432;432;428;428;428;428;427;427;426;425;424;423;423;423;422;421;421;421;420;420;420;419;419;416;407;406;405;404;404;404;404;404;404;404;404;404;404;403;403;403;402;402;402;396;396;396;396;396;396;396;394;394;394;394;394;393;392;392;392;392;391;391;391;385;385;385;385;385;385;385;384;384;382;382;381;381;381;381;381;381;380;379;378;378;378;378;378;378;378;340;340;340;339;338;338;338;337;336;336;335;335;333;333;332;331;330;330;330;329;329;329;329;327;327;326;325;325;325;324;323;322;321;321;321;321;321;321;320;319;319;318;318;317;315;315;166;165;164;161;160;160;158;156;152;150;150;147;145;139;139;134;134;134;132;130;125;125;123;123;121;120;119;117;116;108;107;105;104;102;101;98;96;95;94;92;83;83;82;81;80;79;78;72;70;69;67;67;65;63;61;60;60;51;49;47;45;43;43;43;43;42;40;38;36;34;34;34;30;29;27;27;25;23;23;23;23;15;13;11;9;9;7;3;2;2
Y_tag_graph_Clique;14105;14063;13331;13251;12741;12676;12585;12575;12348;12263;12258;12258;12203;12023;11543;11541;11470;11381;11351;11350;11349;11264;11203;11201;11200;11173;11159;11147;11097;11085;11083;11076;11073;11072;11071;11055;11041;10993;10992;10991;10965;10861;10856;10766;10765;10764;10755;10754;10749;10747;10746;10677;10657;10648;10261;10248;10245;10244;10243;9870;9853;9852;9849;9848;9837;9798;9773;9768;9758;9254;9251;9249;9248;9239;9067;9064;9049;9048;9047;9045;9044;8964;8963;8961;8956;8953;8952;8926;8925;8924;8879;8878;8877;8876;8875;8666;8663;8660;8635;8634;8633;8629;8623;8622;8621;8619;8595;8593;8584;8583;8580;8298;8297;8296;8293;8291;8290;8287;8286;8285;8282;8277;8208;8207;8206;7522;7520;7514;7513;7509;7501;7485;7484;7483;7483;7482;7479;7477;7354;7348;7345;7344;7343;7341;7340;7339;7337;7336;7335;7334;7329;6938;6937;6858;6857;6856;6855;6854;6852;6851;6850;6846;6845;6844;6841;6839;6838;6834;6833;6832;6812;6810;6809;6807;6787;6786;6757;6756;6755;6753;6356;6355;6352;6351;6350;6349;6347;6346;6345;6340;6339;6334;6331;6330;6327;6326;6325;6324;6323;6244;6242;6241;6240;6239;6238;6237;6236;6235;6235;6234;6217;6216;6215;6213;6210;6207;6205;6205;6202;5863;5862;5861;5861;5860;5855;5854;5852;5848;5844;5843;5837;5836;5771;5769;5765;5764;5763;5762;5760;5757;5756;5754;5751;5749;5748;5747;5746;5745;5744;5740;5739;5737;5736;5735;5734;5733;5732;5729;5721;5720;5719;5483;5482;5481;5183;5182;5181;5181;5179;5177;5173;5169;5166;5165;5164;5145;5143;5142;5141;5136;5135;5132;5127;5126;5121;5120;5119;5118;5117;5116;5113;5111;5110;5109;5108;5107;5105;5104;5103;5101;5100;5099;4968;4967;4966;4962;4953;4937;4936;4934;4932;4930;4929;4928;4926;4924;4924;4923;4922;4921;4920;4919;4918;4917;4916;4458;4457;4454;4450;4449;4448;4447;4446;4445;4445;4442;4441;4437;4436;4433;4432;4431;4430;4429;4427;4426;4425;4415;4414;4413;4412;4411;4410;4409;4407;4291;4290;4288;4287;4286;4284;4283;4282;4281;4279;4278;4278;4277;4274;4273;4271;4270;4267;4259;4258;4257;4256;4254;4253;4251;4250;4249;4246;4243;4242;4240;4238;4237;4236;4235;4234;4233;4232;4231;3803;3802;3798;3715;3714;3712;3711;3710;3709;3708;3707;3706;3703;3696;3694;3693;3691;3690;3688;3685;3681;3680;3679;3678;3677;3676;3675;3674;3673;3672;3668;3667;3663;3662;3658;3657;3656;3655;3654;3653;3651;3650;3649;3648;3647;3645;3640;3639;3636;3635;3628;3627;3626;3596;3594;3594;3443;3442;3441;3440;3438;3437;3435;3434;3433;3432;3431;3429;3428;3427;3426;3425;3419;3418;3415;3414;3413;3412;3410;3410;3409;3408;3059;3058;3057;3053;3052;3051;3045;3044;3043;3042;3041;3037;3036;3035;3034;3031;3030;3029;3028;3027;3026;3025;3025;3015;3014;3013;3013;3012;3011;3010;3008;3003;3002;3001;3001;2998;2997;2992;2991;2990;2989;2988;2987;2986;2984;2866;2865;2864;2863;2862;2861;2860;2859;2858;2855;2854;2853;2851;2850;2849;2848;2847;2846;2845;2844;2843;2834;2832;2831;2830;2829;2828;2826;2825;2824;2823;2813;2812;2811;2809;2809;2808;2807;2802;2801;2800;2799;2793;2792;2791;2787;2786;2785;2785;2784;2783;2780;2779;2778;2777;2439;2438;2437;2436;2435;2434;2431;2431;2430;2428;2427;2423;2422;2421;2420;2419;2418;2331;2328;2327;2327;2326;2323;2315;2314;2312;2311;2310;2308;2302;2299;2298;2297;2296;2295;2294;2292;2291;2289;2286;2285;2283;2283;2282;2281;2277;2276;2275;2273;2272;2271;2270;2269;2263;2262;2247;2246;2244;2242;2241;2240;2239;2238;2237;2236;2235;2234;2232;2231;2230;2229;2228;2227;2193;2192;2191;2190;2189;2188;2187;2186;2185;2184;2183;2181;2179;2178;2177;2175;2174;2058;2057;2056;2055;2054;2053;2052;2051;2051;2050;2049;2048;2047;2046;1692;1687;1684;1683;1682;1681;1679;1678;1677;1675;1674;1667;1666;1665;1664;1663;1662;1662;1661;1660;1658;1657;1656;1654;1653;1651;1649;1648;1647;1646;1645;1644;1643;1642;1640;1639;1638;1637;1636;1636;1635;1634;1633;1625;1617;1616;1615;1614;1613;1612;1611;1610;1606;1605;1598;1597;1596;1595;1593;1589;1588;1587;1586;1585;1584;1583;1582;1581;1578;1577;1576;1575;1574;1571;1570;1569;1568;1567;1566;1563;1561;1559;1556;1555;1554;1449;1448;1447;1446;1445;1444;1443;1442;1441;1440;1439;1438;1437;1428;1427;1426;1425;1423;1422;1421;1416;1415;1414;1413;1412;1411;1410;1409;1408;1407;1406;1405;1404;1403;1402;1401;1400;1114;1111;1110;1110;1108;1107;1102;1101;1100;1099;1098;1097;1096;1094;1093;1092;1091;1090;1088;1087;1086;1082;1081;1079;1078;1076;1075;1074;1072;1071;1069;1068;1067;1066;1065;1064;1063;1063;1059;1058;1058;1057;1056;1055;1054;1053;1053;1052;1049;1039;1038;1037;1037;1036;1035;1034;1021;1020;1019;1018;1016;1015;1014;1014;1013;1012;1011;917;909;907;906;905;904;903;903;902;901;893;892;891;890;889;888;887;886;886;885;882;881;880;879;878;877;875;874;873;872;871;871;870;869;868;867;866;864;863;862;861;861;860;859;858;857;856;855;854;853;844;843;842;842;842;841;840;840;839;838;835;834;832;831;831;831;830;830;829;828;827;510;507;504;503;502;501;500;499;498;496;494;494;493;492;492;491;490;489;483;482;481;480;479;475;474;472;470;467;466;465;464;463;461;460;459;456;455;454;453;448;448;447;446;445;444;443;443;434;433;432;431;430;429;425;424;423;422;421;420;419;418;417;416;415;414;413;412;411;407;397;396;394;393;393;393;392;391;390;389;388;387;386;385;384;383;381;380;379;370;370;369;369;368;367;366;365;363;362;360;359;358;357;354;353;352;351;350;349;340;339;338;337;336;335;334;333;331;327;327;326;326;325;324;324;323;321;318;317;316;315;314;313;311;310;268;268;267;266;265;264;263;262;261;260;259;259;258;257;256;255;254;253;252;250;249;248;247;246;245;244;242;241;240;239;238;237;236;235;234;233;232;231;230;229;229;228;228;227;226;226;110;109;108;106;105;105;104;102;99;98;97;95;94;90;89;86;86;85;83;82;79;78;77;77;76;75;74;73;72;67;66;65;64;63;62;60;59;58;57;55;50;50;49;48;47;46;45;42;41;40;39;38;37;36;35;34;34;28;27;26;25;24;24;24;24;23;22;21;20;19;19;18;16;15;14;14;13;12;12;12;12;8;7;6;5;5;4;2;1;1
X_tag_graph_Giatsidis_k_core;1191;1190;1190;1188;1185;1184;1149;1102;1092;1091;1049;1048;1012;1009;1008;997;979;950;949;924;900;899;883;881;876;873;863;860;859;854;849;847;844;830;827;821;815;814;804;802;801;796;793;791;790;788;784;776;771;764;762;759;756;753;752;750;749;744;739;732;731;728;727;720;713;711;709;708;690;689;688;687;685;683;682;681;680;679;669;666;664;664;663;661;660;658;657;656;655;646;645;644;643;642;641;640;639;635;633;632;631;630;628;627;624;623;621;620;619;618;617;614;613;612;611;610;605;604;603;602;601;600;598;597;596;595;594;593;592;591;590;589;588;587;586;585;583;582;581;580;579;578;577;576;574;573;571;570;569;567;566;564;561;560;559;558;557;556;548;547;546;545;544;543;540;536;535;534;533;532;531;530;529;528;527;525;524;522;518;516;515;513;512;511;509;508;506;504;501;500;494;493;492;491;490;488;485;484;478;476;475;472;471;470;469;468;467;466;464;463;462;461;459;458;457;456;454;453;452;451;450;448;447;446;444;443;442;440;439;438;437;436;435;434;433;432;428;427;426;425;424;423;422;421;420;419;418;417;416;415;414;412;411;410;409;408;407;406;405;404;403;402;401;400;399;397;396;395;394;393;392;391;390;389;388;387;386;385;384;383;382;381;380;379;378;376;375;374;373;371;368;367;365;364;362;361;359;358;357;356;355;354;353;352;351;350;349;348;344;343;342;341;339;338;337;335;334;333;332;329;328;327;326;324;323;322;321;320;319;318;317;315;310;309;308;305;304;301;300;299;298;297;296;295;294;293;292;291;290;289;288;287;286;284;283;282;281;280;279;278;277;276;275;272;271;270;269;268;267;266;265;264;263;262;261;260;259;257;256;255;254;253;252;251;249;248;247;246;245;244;243;242;241;239;238;237;236;233;232;231;229;228;227;225;224;223;222;221;218;217;215;214;213;212;211;210;209;207;206;205;204;203;202;199;198;196;195;194;193;192;191;190;189;188;187;186;185;184;182;180;179;178;177;176;175;174;173;172;171;170;169;168;167;166;165;164;161;160;159;158;157;156;153;152;151;146;145;144;143;142;140;139;138;137;136;135;134;133;132;131;130;128;127;126;125;123;122;120;119;118;117;116;115;114;113;112;106;105;104;103;102;101;100;99;98;97;93;92;91;89;88;87;83;82;80;79;78;75;74;73;72;71;70;69;68;66;65;64;63;62;61;60;59;58;57;56;55;54;53;52;49;48;47;46;45;44;43;42;41;40;39;38;37;36;35;34;33;32;31;26;25;24;23;22;21;20;19;18;17;16;15;14;13;12;11;10;9;8;7;6;5;3;2;;;;;;;;;;;;;;;;;;;;;;;;;;;;;;;;;;;;;;;;;;;;;;;;;;;;;;;;;;;;;;;;;;;;;;;;;;;;;;;;;;;;;;;;;;;;;;;;;;;;;;;;;;;;;;;;;;;;;;;;;;;;;;;;;;;;;;;;;;;;;;;;;;;;;;;;;;;;;;;;;;;;;;;;;;;;;;;;;;;;;;;;;;;;;;;;;;;;;;;;;;;;;;;;;;;;;;;;;;;;;;;;;;;;;;;;;;;;;;;;;;;;;;;;;;;;;;;;;;;;;;;;;;;;;;;;;;;;;;;;;;;;;;;;;;;;;;;;;;;;;;;;;;;;;;;;;;;;;;;;;;;;;;;;;;;;;;;;;;;;;;;;;;;;;;;;;;;;;;;;;;;;;;;;;;;;;;;;;;;;;;;;;;;;;;;;;;;;;;;;;;;;;;;;;;;;;;;;;;;;;;;;;;;;;;;;;;;;;;;;;;;;;;;;;;;;;;;;;;;;;;;;;;;;;;;;;;;;;;;;;;;;;;;;;;;;;;;;;;;;;;;;;;;;;;;;;;;;;;;;;;;;;;;;;;;;;;;;;;;;;;;;;;;;;;;;;;;;;;;;;;;;;;;;;;;;;;;;;;;;;;;;;;;;;;;;;;;;;;;;;;;;;;;;;;;;;;;;;;;;;;;;;;;
Y_tag_graph_Giatsidis_k_core;14105;13803;13803;13802;13742;13738;13703;13615;13604;13597;13496;13493;13374;13367;13365;13326;13240;13089;13087;12934;12773;12767;12661;12650;12612;12588;12498;12466;12456;12409;12365;12352;12331;12212;12177;12122;12062;12051;11955;11930;11917;11858;11822;11795;11782;11753;11695;11587;11507;11389;11360;11309;11267;11225;11219;11186;11174;11084;10984;10774;10753;10684;10662;10403;10095;10044;10038;10036;10001;9998;9987;9980;9972;9966;9961;9960;9955;9937;9900;9888;9875;9875;9871;9867;9851;9842;9835;9832;9825;9790;9772;9763;9752;9745;9735;9714;9707;9691;9665;9664;9663;9657;9647;9637;9627;9625;9618;9616;9610;9602;9593;9576;9566;9554;9546;9539;9513;9504;9497;9481;9476;9458;9447;9426;9410;9402;9397;9388;9371;9362;9354;9345;9341;9334;9323;9312;9293;9285;9269;9257;9245;9229;9221;9215;9188;9147;9135;9129;9124;9077;9064;9056;9023;8994;8985;8959;8946;8936;8880;8872;8853;8803;8786;8777;8762;8683;8671;8667;8657;8644;8631;8616;8608;8600;8594;8583;8579;8566;8535;8520;8515;8467;8435;8431;8406;8399;8385;8363;8309;8301;8212;8201;8187;8180;8159;8104;8055;8048;8010;8001;7985;7876;7838;7830;7786;7768;7752;7744;7720;7702;7693;7679;7662;7647;7627;7609;7573;7560;7555;7549;7533;7451;7425;7423;7408;7399;7389;7353;7341;7316;7305;7295;7279;7236;7218;7206;7139;7136;7124;7100;7090;7080;7073;7063;7043;7039;7028;7019;7011;6995;6985;6962;6955;6948;6943;6928;6926;6914;6894;6878;6847;6841;6832;6823;6819;6809;6797;6790;6774;6751;6734;6728;6661;6648;6635;6609;6588;6582;6567;6532;6520;6515;6507;6495;6490;6468;6462;6430;6417;6389;6363;6352;6335;6332;6309;6257;6228;6209;6199;6193;6184;6165;6153;6134;6119;6104;6098;6094;6032;6015;6007;5990;5952;5928;5911;5878;5785;5763;5761;5711;5704;5694;5687;5646;5632;5625;5615;5603;5596;5577;5572;5540;5447;5436;5420;5387;5376;5333;5325;5308;5282;5264;5217;5207;5195;5169;5145;5128;5118;5100;5043;5033;4995;4966;4951;4910;4871;4861;4845;4830;4821;4806;4789;4732;4718;4701;4688;4608;4587;4579;4555;4543;4531;4500;4485;4471;4453;4433;4412;4394;4358;4346;4339;4331;4308;4298;4277;4265;4235;4202;4191;4165;4144;4120;4110;4092;4087;4038;4028;4022;3975;3966;3950;3937;3935;3917;3898;3878;3839;3830;3793;3759;3742;3735;3689;3678;3656;3626;3604;3585;3558;3551;3536;3498;3475;3440;3423;3415;3405;3401;3387;3364;3336;3316;3306;3300;3291;3277;3245;3231;3210;3191;3171;3139;3131;3111;3078;3071;3047;3030;3020;3007;2993;2961;2930;2829;2788;2775;2756;2744;2717;2703;2605;2601;2586;2480;2456;2431;2424;2416;2378;2344;2333;2310;2301;2291;2270;2241;2234;2209;2194;2138;2129;2116;2096;2062;2047;2013;1991;1971;1948;1936;1908;1879;1863;1839;1679;1654;1623;1600;1573;1544;1526;1517;1500;1468;1372;1350;1333;1288;1265;1253;1183;1161;1129;1113;1092;1047;1019;993;969;953;934;912;877;851;838;813;809;793;773;748;732;718;702;685;664;643;628;612;563;540;519;498;474;451;438;420;398;385;366;347;332;320;299;280;271;258;242;182;168;151;138;124;110;101;96;88;80;69;57;54;47;38;32;30;26;22;18;13;8;3;1;;;;;;;;;;;;;;;;;;;;;;;;;;;;;;;;;;;;;;;;;;;;;;;;;;;;;;;;;;;;;;;;;;;;;;;;;;;;;;;;;;;;;;;;;;;;;;;;;;;;;;;;;;;;;;;;;;;;;;;;;;;;;;;;;;;;;;;;;;;;;;;;;;;;;;;;;;;;;;;;;;;;;;;;;;;;;;;;;;;;;;;;;;;;;;;;;;;;;;;;;;;;;;;;;;;;;;;;;;;;;;;;;;;;;;;;;;;;;;;;;;;;;;;;;;;;;;;;;;;;;;;;;;;;;;;;;;;;;;;;;;;;;;;;;;;;;;;;;;;;;;;;;;;;;;;;;;;;;;;;;;;;;;;;;;;;;;;;;;;;;;;;;;;;;;;;;;;;;;;;;;;;;;;;;;;;;;;;;;;;;;;;;;;;;;;;;;;;;;;;;;;;;;;;;;;;;;;;;;;;;;;;;;;;;;;;;;;;;;;;;;;;;;;;;;;;;;;;;;;;;;;;;;;;;;;;;;;;;;;;;;;;;;;;;;;;;;;;;;;;;;;;;;;;;;;;;;;;;;;;;;;;;;;;;;;;;;;;;;;;;;;;;;;;;;;;;;;;;;;;;;;;;;;;;;;;;;;;;;;;;;;;;;;;;;;;;;;;;;;;;;;;;;;;;;;;;;;;;;;;;;;;;;;
X_tag_graph_Giatsidis;1191;1191;1191;1191;1191;1191;1191;1191;1184;1184;1184;1184;1184;1184;1184;1177;1177;1177;1177;1177;1177;1177;1177;1177;1173;1168;1161;1161;1161;1161;1161;1161;1161;1161;1161;1161;1161;1161;1161;1161;1161;1161;1161;1161;1161;1160;1160;1160;1160;1160;1160;1160;1160;1157;1157;1157;1157;1157;1157;1156;1156;1153;1153;1153;1153;1153;1151;1151;1151;1151;1151;1136;1136;1136;1136;1136;1133;1133;1133;1133;1133;1124;1124;1124;1124;1124;1124;1124;1124;1124;1124;1108;1108;1106;1106;1105;1105;1105;1105;1091;1091;1091;1091;1091;1091;1091;1091;1091;1091;1091;1091;1091;1091;1088;1088;1088;1088;1088;1088;1088;1088;1088;1088;1088;1066;1066;1066;1066;1066;1066;1063;1062;1062;1062;1062;1062;1062;1062;1062;1062;1061;1060;1052;1052;1052;1052;1052;1052;1052;1052;1052;1052;1052;1052;1052;1052;1052;1001;1001;1001;1001;1001;1001;1001;1000;1000;1000;1000;1000;1000;1000;1000;1000;1000;1000;1000;1000;1000;1000;983;983;983;983;983;983;983;983;983;983;983;982;981;981;981;981;981;981;981;981;981;981;981;981;981;981;949;949;949;949;949;949;949;949;949;949;949;949;949;949;949;949;949;949;949;949;949;949;949;949;949;949;949;949;949;949;937;937;937;937;937;937;936;936;936;936;936;936;936;936;936;936;936;936;936;926;926;926;926;926;926;926;926;926;926;926;926;926;926;926;926;926;926;926;926;926;884;883;883;883;883;883;882;882;882;882;882;882;882;882;882;882;882;882;882;882;880;880;880;880;880;880;880;880;880;880;880;880;880;880;879;879;879;879;879;879;856;856;856;856;856;856;856;856;856;856;856;856;856;856;856;856;856;856;856;856;856;856;854;854;854;854;854;854;854;854;853;852;852;852;851;851;851;851;850;850;850;850;849;849;849;849;798;797;797;797;796;796;796;796;796;796;796;794;794;794;794;794;794;794;793;793;793;793;793;793;793;793;790;790;789;789;789;789;789;789;789;789;789;789;789;789;789;789;789;788;788;788;788;787;787;787;787;787;786;786;786;786;786;786;759;759;759;759;759;759;759;759;759;759;758;757;756;756;756;756;756;756;756;756;756;756;756;756;756;756;755;753;753;753;753;753;753;753;753;751;751;751;751;751;748;748;748;747;746;746;746;746;746;746;746;746;746;746;746;746;746;746;746;746;745;745;745;745;745;745;745;745;745;745;745;745;621;621;621;621;621;620;620;619;618;618;618;618;618;618;618;618;618;618;617;617;617;615;615;615;615;614;614;614;614;614;614;614;613;607;607;606;605;603;603;603;603;603;603;603;603;603;602;602;602;600;600;600;600;600;599;599;598;598;598;598;598;598;598;598;598;598;598;597;597;597;597;596;596;596;594;594;594;594;594;594;594;594;594;594;593;542;542;542;542;542;542;542;542;542;540;540;538;537;537;537;537;537;537;536;536;536;536;533;533;533;533;532;532;532;532;531;531;531;530;530;530;529;529;529;527;527;526;526;526;526;525;525;519;518;518;518;518;518;517;513;513;512;512;512;512;506;506;504;504;504;504;504;504;504;504;502;502;502;502;502;502;501;501;501;501;501;501;501;501;500;500;500;500;500;500;500;499;499;499;499;498;498;497;355;355;354;354;353;353;353;352;352;352;351;351;351;351;351;351;351;351;350;350;349;349;349;349;349;349;349;347;347;347;347;347;347;342;341;341;340;339;338;338;338;335;335;333;333;331;330;330;329;326;326;326;325;325;325;324;324;324;324;322;321;321;320;320;310;309;308;308;308;308;308;297;295;295;295;295;295;295;294;292;292;292;292;292;291;291;291;291;291;291;286;285;285;285;284;284;284;284;284;283;283;283;283;283;283;283;282;275;275;275;275;275;274;274;273;273;272;271;236;235;235;234;233;233;233;233;232;232;232;231;231;229;227;227;227;227;220;220;218;217;217;217;217;215;215;215;214;213;213;213;213;212;212;211;210;209;208;208;204;204;204;204;203;203;203;203;201;201;200;200;199;198;197;196;194;194;192;192;190;190;189;177;176;175;175;173;173;172;172;172;171;170;160;159;159;159;158;157;156;156;155;154;154;154;152;152;152;151;151;150;150;150;150;149;148;148;146;144;143;142;141;141;138;137;137;137;137;136;135;135;134;132;131;130;130;130;128;127;127;125;125;105;104;103;102;101;100;100;98;97;97;97;95;95;93;92;92;91;90;89;88;88;88;87;87;87;87;87;87;87;85;85;84;76;74;74;74;72;72;72;71;71;71;69;68;68;68;67;67;66;66;66;65;64;63;63;55;54;53;52;51;50;50;48;48;47;45;44;44;44;44;42;40;39;37;37;37;37;36;34;33;32;31;30;29;28;28;27;26;26;26;25;25;23;22;22;22;21;19;18;16;16;14;13;13;12;12;11;11;9;9;8;6;4;4;2;;;;;;;;;;;;;;;;;;;;;;;;;;;;;;;;;;;;;;;;;;;;;;;;;;;;;;;;;;;;;;;;;;;;;;;;;;;;;;;;;;;;;;;;;;;;;;;;;;;;;;;;;;;;;;;;;;;;;;;;;;;;;;;;;;;;;;;;;;;;;;;;;;;;;;;;;;;;;;;;;;;;;;;;;;;;;;;;;;;;
Y_tag_graph_Giatsidis;14105;14063;13331;12821;12756;12665;12580;12500;12020;11931;11846;11619;11607;11607;11602;11422;11420;11349;11339;11249;11248;11243;11242;10794;10421;9867;9837;9836;9835;9663;9662;9607;9606;9604;9524;9420;9211;9199;9197;9196;9193;8940;8937;8934;8925;8179;8177;8175;8150;8148;8147;8144;8143;7752;7751;7742;7741;7740;7734;7720;7718;7321;7320;7317;7291;7263;7218;7215;7213;7211;7210;6835;6834;6831;6829;6827;6719;6718;6717;6714;6712;6335;6334;6329;6328;6327;6326;6325;6324;6323;6320;6158;6152;6132;6112;6107;6103;6100;6099;5562;5554;5552;5548;5547;5546;5544;5528;5527;5525;5521;5520;5491;5490;5473;5472;5469;5468;5442;5441;5434;5433;5432;5431;5428;4921;4920;4919;4917;4914;4911;4894;4893;4892;4891;4890;4888;4887;4887;4884;4881;4877;4876;4799;4795;4794;4791;4790;4788;4786;4783;4782;4781;4776;4775;4774;4773;4772;4145;4140;4139;4138;4137;4136;4134;4132;4130;4114;4109;4108;4107;4104;4101;4100;4099;4095;4094;4093;4091;4089;3958;3957;3948;3947;3944;3943;3942;3939;3935;3934;3931;3928;3926;3924;3923;3921;3919;3918;3917;3916;3915;3914;3911;3910;3909;3908;3452;3451;3449;3448;3446;3444;3439;3431;3417;3410;3407;3403;3398;3397;3395;3394;3390;3389;3385;3384;3383;3381;3379;3376;3374;3372;3367;3366;3365;3364;3269;3268;3267;3260;3253;3252;3251;3250;3249;3247;3246;3245;3244;3240;3238;3234;3233;3231;3231;3214;3210;3209;3208;3207;3204;3202;3202;3201;3198;3197;3196;3194;3190;3189;3183;3181;3179;3178;3177;3176;2659;2654;2653;2652;2651;2650;2644;2643;2642;2640;2640;2639;2638;2637;2636;2635;2634;2631;2628;2627;2600;2597;2596;2595;2594;2585;2584;2568;2567;2562;2560;2559;2555;2554;2549;2548;2545;2542;2539;2537;2402;2401;2400;2400;2399;2397;2396;2394;2388;2387;2386;2385;2384;2382;2379;2378;2372;2371;2370;2369;2367;2366;2362;2361;2360;2357;2354;2344;2343;2339;2338;2331;2330;2329;2327;2326;2325;2320;2316;2315;2314;2312;2310;2309;2308;2307;1921;1920;1919;1918;1916;1915;1914;1913;1908;1908;1907;1901;1899;1898;1893;1891;1890;1889;1888;1887;1886;1885;1883;1881;1880;1879;1862;1860;1848;1847;1846;1846;1835;1832;1828;1828;1827;1826;1825;1824;1823;1820;1819;1812;1811;1810;1809;1804;1803;1802;1801;1800;1791;1790;1789;1788;1787;1786;1636;1635;1634;1630;1629;1628;1627;1626;1625;1624;1619;1609;1608;1607;1607;1606;1605;1604;1603;1602;1598;1597;1595;1593;1592;1591;1588;1585;1584;1581;1580;1579;1578;1577;1576;1574;1573;1572;1570;1568;1558;1557;1556;1552;1549;1548;1546;1545;1542;1541;1540;1538;1537;1536;1534;1533;1532;1531;1529;1528;1526;1524;1523;1522;1520;1517;1516;1515;1514;1513;1512;1511;1132;1131;1130;1129;1128;1127;1126;1125;1121;1120;1119;1108;1105;1104;1103;1102;1101;1100;1097;1096;1095;1092;1091;1091;1090;1087;1086;1085;1084;1083;1081;1080;1079;1063;1062;1059;1058;1050;1048;1047;1046;1043;1042;1041;1040;1039;1036;1034;1033;1022;1021;1020;1019;1017;1016;1015;1013;1011;1009;1008;1006;1005;1002;1001;1000;999;998;996;995;994;992;990;989;988;979;978;977;976;974;972;972;971;970;969;967;838;837;836;835;834;833;832;832;831;830;829;823;822;820;819;818;817;814;813;811;810;809;801;800;799;798;796;793;792;791;789;788;787;783;782;781;780;778;777;775;774;773;772;770;770;769;768;756;751;750;749;748;747;746;741;740;739;738;737;736;725;725;723;723;722;721;718;717;715;714;712;711;705;704;703;702;701;700;699;698;697;696;696;695;693;692;690;689;687;686;685;684;683;682;681;680;679;678;486;485;484;483;482;481;480;479;478;477;476;475;474;474;473;472;472;471;470;469;468;467;466;465;464;463;462;460;459;458;457;457;456;445;444;443;440;439;438;437;433;430;429;427;426;424;423;421;420;417;417;416;415;415;414;412;411;410;409;407;406;406;404;403;390;389;388;387;386;385;384;371;367;367;366;366;366;365;364;362;362;361;360;358;356;356;355;354;353;352;346;345;344;343;342;341;340;339;338;335;335;334;332;331;330;330;329;323;322;322;321;320;319;318;317;316;315;314;271;270;269;268;267;267;266;265;264;263;261;260;259;258;255;255;254;253;246;245;244;243;242;241;240;239;239;238;237;236;235;234;233;232;231;230;229;228;227;226;223;222;221;220;219;218;218;217;216;214;213;212;211;210;209;208;205;204;202;202;201;201;200;189;188;187;186;184;183;182;181;181;180;179;169;168;167;166;165;164;163;162;161;160;159;158;157;157;156;155;155;153;152;152;151;150;149;148;146;144;143;142;141;139;136;134;133;131;130;129;128;127;126;125;123;122;121;121;120;119;118;117;116;105;104;103;102;101;100;99;98;97;96;95;94;93;92;91;90;89;88;87;86;85;84;83;82;81;80;79;78;77;76;75;74;69;68;67;66;65;64;63;62;62;61;60;59;59;59;58;58;57;56;56;55;54;53;52;47;46;45;44;43;42;41;39;38;37;36;35;35;34;34;33;32;31;30;30;30;30;29;28;27;26;25;24;23;22;20;19;18;18;18;17;16;15;14;14;14;13;12;11;10;10;9;8;8;7;7;6;6;5;5;4;3;2;2;1;;;;;;;;;;;;;;;;;;;;;;;;;;;;;;;;;;;;;;;;;;;;;;;;;;;;;;;;;;;;;;;;;;;;;;;;;;;;;;;;;;;;;;;;;;;;;;;;;;;;;;;;;;;;;;;;;;;;;;;;;;;;;;;;;;;;;;;;;;;;;;;;;;;;;;;;;;;;;;;;;;;;;;;;;;;;;;;;;;;;
X_tag_graph_Uniform 1.0 weight;1191;940;491;397;232;205;150;135;98;92;71;67;48;47;42;38;32;30;27;22;19;17;15;12;12;12;12;10;9;8;8;6;6;4;4;4;4;4;3;2;;;;;;;;;;;;;;;;;;;;;;;;;;;;;;;;;;;;;;;;;;;;;;;;;;;;;;;;;;;;;;;;;;;;;;;;;;;;;;;;;;;;;;;;;;;;;;;;;;;;;;;;;;;;;;;;;;;;;;;;;;;;;;;;;;;;;;;;;;;;;;;;;;;;;;;;;;;;;;;;;;;;;;;;;;;;;;;;;;;;;;;;;;;;;;;;;;;;;;;;;;;;;;;;;;;;;;;;;;;;;;;;;;;;;;;;;;;;;;;;;;;;;;;;;;;;;;;;;;;;;;;;;;;;;;;;;;;;;;;;;;;;;;;;;;;;;;;;;;;;;;;;;;;;;;;;;;;;;;;;;;;;;;;;;;;;;;;;;;;;;;;;;;;;;;;;;;;;;;;;;;;;;;;;;;;;;;;;;;;;;;;;;;;;;;;;;;;;;;;;;;;;;;;;;;;;;;;;;;;;;;;;;;;;;;;;;;;;;;;;;;;;;;;;;;;;;;;;;;;;;;;;;;;;;;;;;;;;;;;;;;;;;;;;;;;;;;;;;;;;;;;;;;;;;;;;;;;;;;;;;;;;;;;;;;;;;;;;;;;;;;;;;;;;;;;;;;;;;;;;;;;;;;;;;;;;;;;;;;;;;;;;;;;;;;;;;;;;;;;;;;;;;;;;;;;;;;;;;;;;;;;;;;;;;;;;;;;;;;;;;;;;;;;;;;;;;;;;;;;;;;;;;;;;;;;;;;;;;;;;;;;;;;;;;;;;;;;;;;;;;;;;;;;;;;;;;;;;;;;;;;;;;;;;;;;;;;;;;;;;;;;;;;;;;;;;;;;;;;;;;;;;;;;;;;;;;;;;;;;;;;;;;;;;;;;;;;;;;;;;;;;;;;;;;;;;;;;;;;;;;;;;;;;;;;;;;;;;;;;;;;;;;;;;;;;;;;;;;;;;;;;;;;;;;;;;;;;;;;;;;;;;;;;;;;;;;;;;;;;;;;;;;;;;;;;;;;;;;;;;;;;;;;;;;;;;;;;;;;;;;;;;;;;;;;;;;;;;;;;;;;;;;;;;;;;;;;;;;;;;;;;;;;;;;;;;;;;;;;;;;;;;;;;;;;;;;;;;;;;;;;;;;;;;;;;;;;;;;;;;;;;;;;;;;;;;;;;;;;;;;;;;;;;;;;;;;;;;;;;;;;;;;;;;;;;;;;;;;;;;;;;;;;;;;;;;;;;;;;;;;;;;;;;;;;;;;;;;;;;;;;;;;;;;;;;;;;;;;;;;;;;;;;;;;;
Y_tag_graph_Uniform 1.0 weight;14105;5227;1800;1325;633;525;352;311;208;189;147;139;94;91;75;67;55;49;41;35;33;29;27;20;19;17;16;12;11;9;9;8;8;6;5;4;4;3;2;1;;;;;;;;;;;;;;;;;;;;;;;;;;;;;;;;;;;;;;;;;;;;;;;;;;;;;;;;;;;;;;;;;;;;;;;;;;;;;;;;;;;;;;;;;;;;;;;;;;;;;;;;;;;;;;;;;;;;;;;;;;;;;;;;;;;;;;;;;;;;;;;;;;;;;;;;;;;;;;;;;;;;;;;;;;;;;;;;;;;;;;;;;;;;;;;;;;;;;;;;;;;;;;;;;;;;;;;;;;;;;;;;;;;;;;;;;;;;;;;;;;;;;;;;;;;;;;;;;;;;;;;;;;;;;;;;;;;;;;;;;;;;;;;;;;;;;;;;;;;;;;;;;;;;;;;;;;;;;;;;;;;;;;;;;;;;;;;;;;;;;;;;;;;;;;;;;;;;;;;;;;;;;;;;;;;;;;;;;;;;;;;;;;;;;;;;;;;;;;;;;;;;;;;;;;;;;;;;;;;;;;;;;;;;;;;;;;;;;;;;;;;;;;;;;;;;;;;;;;;;;;;;;;;;;;;;;;;;;;;;;;;;;;;;;;;;;;;;;;;;;;;;;;;;;;;;;;;;;;;;;;;;;;;;;;;;;;;;;;;;;;;;;;;;;;;;;;;;;;;;;;;;;;;;;;;;;;;;;;;;;;;;;;;;;;;;;;;;;;;;;;;;;;;;;;;;;;;;;;;;;;;;;;;;;;;;;;;;;;;;;;;;;;;;;;;;;;;;;;;;;;;;;;;;;;;;;;;;;;;;;;;;;;;;;;;;;;;;;;;;;;;;;;;;;;;;;;;;;;;;;;;;;;;;;;;;;;;;;;;;;;;;;;;;;;;;;;;;;;;;;;;;;;;;;;;;;;;;;;;;;;;;;;;;;;;;;;;;;;;;;;;;;;;;;;;;;;;;;;;;;;;;;;;;;;;;;;;;;;;;;;;;;;;;;;;;;;;;;;;;;;;;;;;;;;;;;;;;;;;;;;;;;;;;;;;;;;;;;;;;;;;;;;;;;;;;;;;;;;;;;;;;;;;;;;;;;;;;;;;;;;;;;;;;;;;;;;;;;;;;;;;;;;;;;;;;;;;;;;;;;;;;;;;;;;;;;;;;;;;;;;;;;;;;;;;;;;;;;;;;;;;;;;;;;;;;;;;;;;;;;;;;;;;;;;;;;;;;;;;;;;;;;;;;;;;;;;;;;;;;;;;;;;;;;;;;;;;;;;;;;;;;;;;;;;;;;;;;;;;;;;;;;;;;;;;;;;;;;;;;;;;;;;;;;;;;;;;;;;;;;;;;;;;;;;
X_tag_graph_Clique_k_core;1191;1190;1186;1183;1182;1181;1179;1177;1170;1163;1162;1159;1158;1157;1156;1149;1144;1143;1142;1137;1136;1135;1134;1133;1131;1130;1129;1127;1124;1121;1118;1116;1115;1113;1111;1107;1104;1087;1086;1081;1080;1079;1078;1077;1074;1073;1072;1071;1070;1069;1068;1067;1043;1040;1039;1017;1016;1002;1001;1000;999;998;997;978;977;975;974;973;955;954;953;952;950;949;948;947;946;945;922;920;919;918;917;916;915;914;889;887;884;883;882;880;879;878;877;876;875;874;858;849;845;844;843;842;841;840;839;838;837;836;834;833;832;831;830;829;828;826;817;815;797;796;795;794;793;792;791;790;789;788;786;785;784;783;782;781;780;779;778;777;776;775;774;773;772;771;768;728;727;726;725;724;723;722;720;719;718;717;716;715;714;713;712;711;710;709;708;707;706;705;704;703;702;701;700;699;698;697;696;695;694;693;692;690;689;688;686;685;684;683;668;640;639;638;637;636;635;634;633;632;631;630;629;628;627;626;625;624;623;622;621;620;619;618;617;616;615;614;613;611;610;609;608;607;606;605;604;603;601;600;599;598;597;596;595;594;593;592;591;590;589;588;526;525;521;515;514;513;511;510;509;506;505;504;503;502;497;495;494;492;491;490;488;487;484;483;482;481;480;479;478;477;476;475;474;473;472;471;470;469;468;467;466;463;459;458;457;456;455;453;452;451;450;448;447;446;445;444;443;442;441;440;439;438;437;436;435;434;432;431;430;429;428;427;426;425;424;423;422;421;420;417;416;415;414;413;412;411;410;409;408;407;406;405;404;403;402;401;400;399;398;397;396;356;355;354;353;352;351;350;349;348;347;346;345;344;343;342;341;340;339;338;337;336;335;334;333;332;331;329;328;327;326;325;324;323;322;320;319;317;316;315;313;312;311;310;309;308;307;306;305;304;301;300;299;297;295;294;293;292;290;289;288;287;286;285;283;282;281;280;279;278;277;276;275;274;273;272;271;270;267;265;264;263;262;260;259;258;257;256;255;254;253;252;250;247;247;246;245;244;243;242;240;239;238;237;236;233;232;231;230;229;228;225;224;223;222;221;220;219;218;217;216;215;214;213;211;209;208;207;206;205;204;203;201;200;199;198;197;194;193;192;191;190;189;186;181;180;179;178;177;176;175;174;173;172;171;168;167;166;165;165;164;160;159;158;157;154;153;151;150;149;148;147;145;144;142;141;140;138;137;136;135;134;133;132;131;130;129;127;126;125;123;122;121;120;119;118;117;114;113;111;104;103;102;100;99;97;96;94;93;92;91;90;88;87;86;83;82;81;79;78;77;76;75;74;72;71;70;66;65;64;63;61;59;59;58;57;56;55;53;52;50;49;48;47;46;45;44;42;41;40;39;38;37;36;35;34;33;32;31;30;29;28;27;26;25;23;22;21;20;19;18;17;16;15;14;13;12;11;10;9;8;;;;;;;;;;;;;;;;;;;;;;;;;;;;;;;;;;;;;;;;;;;;;;;;;;;;;;;;;;;;;;;;;;;;;;;;;;;;;;;;;;;;;;;;;;;;;;;;;;;;;;;;;;;;;;;;;;;;;;;;;;;;;;;;;;;;;;;;;;;;;;;;;;;;;;;;;;;;;;;;;;;;;;;;;;;;;;;;;;;;;;;;;;;;;;;;;;;;;;;;;;;;;;;;;;;;;;;;;;;;;;;;;;;;;;;;;;;;;;;;;;;;;;;;;;;;;;;;;;;;;;;;;;;;;;;;;;;;;;;;;;;;;;;;;;;;;;;;;;;;;;;;;;;;;;;;;;;;;;;;;;;;;;;;;;;;;;;;;;;;;;;;;;;;;;;;;;;;;;;;;;;;;;;;;;;;;;;;;;;;;;;;;;;;;;;;;;;;;;;;;;;;;;;;;;;;;;;;;;;;;;;;;;;;;;;;;;;;;;;;;;;;;;;;;;;;;;;;;;;;;;;;;;;;;;;;;;;;;;;;;;;;;;;;;;;;;;;;;;;;;;;;;;;;;;;;;;;;;;;;;;;;;;;;;;;;;;;;;;;;;;;;;;;;;;;;;;;;;;;;;;;;;;;;;;;;;;;;;;;;;;;;;;;
Y_tag_graph_Clique_k_core;14105;13803;13791;13731;13670;13646;13595;13532;13231;12979;12957;12888;12867;12846;12822;12612;12517;12478;12358;12268;12252;12221;12209;12186;12100;12079;12058;12025;11974;11932;11890;11861;11848;11819;11784;11714;11672;11426;11411;11348;11342;11297;11255;11223;11187;11175;11164;11120;11101;11091;11079;11066;10833;10803;10791;10606;10567;10434;10418;10402;10372;10360;10344;10162;10161;10135;10095;10089;9952;9949;9946;9919;9860;9859;9851;9845;9838;9828;9673;9662;9643;9598;9581;9569;9549;9536;9383;9338;9289;9267;9248;9216;9159;9155;9147;9128;9068;9038;8952;8913;8897;8863;8845;8839;8819;8800;8780;8767;8756;8707;8696;8681;8669;8658;8651;8625;8610;8605;8575;8568;8468;8462;8415;8399;8388;8374;8368;8349;8306;8291;8259;8252;8232;8228;8218;8204;8175;8172;8156;8134;8125;8117;8105;8100;8087;8066;8056;7884;7883;7869;7845;7818;7795;7781;7734;7708;7696;7690;7665;7654;7619;7615;7605;7596;7585;7577;7566;7557;7548;7540;7533;7522;7504;7496;7486;7482;7476;7467;7452;7434;7430;7402;7390;7369;7355;7339;7289;7235;7220;7210;7190;7097;7087;7084;7039;7029;7013;6990;6940;6927;6914;6911;6903;6872;6855;6833;6822;6812;6781;6773;6758;6734;6730;6723;6712;6676;6669;6667;6660;6656;6618;6597;6590;6566;6556;6549;6534;6514;6417;6408;6395;6385;6359;6350;6339;6334;6312;6293;6280;6271;6250;6245;6027;6018;6014;6008;5981;5966;5943;5932;5917;5880;5874;5871;5867;5857;5775;5756;5738;5709;5687;5676;5633;5629;5602;5594;5578;5537;5484;5458;5454;5449;5441;5427;5420;5393;5386;5378;5340;5330;5310;5274;5268;5224;5059;5047;5043;5037;5026;5013;5004;5000;4996;4988;4985;4973;4967;4933;4930;4924;4909;4904;4901;4899;4894;4875;4869;4819;4812;4808;4792;4773;4761;4751;4740;4732;4727;4725;4711;4678;4673;4650;4647;4641;4632;4628;4619;4614;4600;4589;4583;4580;4576;4563;4535;4533;4526;4516;4510;4482;4457;4454;4450;4343;4339;4333;4321;4306;4276;4252;4236;4227;4195;4174;4169;4154;4122;4081;4076;4068;4054;4052;4045;4039;4034;4001;3992;3977;3968;3961;3943;3931;3927;3884;3875;3867;3838;3832;3827;3809;3796;3783;3756;3736;3730;3710;3703;3669;3655;3642;3636;3631;3621;3614;3591;3555;3541;3532;3531;3526;3497;3450;3426;3401;3399;3396;3389;3380;3370;3366;3359;3342;3304;3297;3295;3291;3278;3268;3244;3228;3187;3182;3174;3171;3151;3145;3142;3134;3124;3112;3092;3068;3065;3043;3023;3014;3014;3012;3006;3003;3001;2998;2992;2950;2945;2939;2908;2883;2877;2873;2843;2825;2796;2784;2780;2769;2761;2738;2696;2688;2669;2651;2649;2623;2612;2606;2566;2547;2535;2502;2493;2485;2477;2471;2465;2435;2429;2420;2407;2375;2355;2351;2343;2337;2296;2274;2229;2221;2214;2191;2171;2158;2154;2152;2128;2097;2084;2045;2019;2012;2010;2010;2003;1967;1961;1910;1906;1854;1832;1818;1791;1760;1745;1730;1693;1690;1657;1642;1641;1620;1617;1616;1589;1576;1546;1533;1520;1504;1499;1454;1450;1421;1379;1354;1333;1326;1314;1305;1299;1262;1253;1214;1195;1160;1135;1120;1115;1081;1077;1070;1065;1063;1045;1043;1010;992;985;932;912;910;886;866;844;842;833;788;769;745;728;653;631;617;607;576;561;561;545;533;514;491;473;444;427;421;407;394;376;359;354;331;311;307;291;280;267;259;258;247;245;219;206;195;187;179;177;173;157;132;117;112;99;90;81;73;64;55;50;40;35;27;21;16;10;;;;;;;;;;;;;;;;;;;;;;;;;;;;;;;;;;;;;;;;;;;;;;;;;;;;;;;;;;;;;;;;;;;;;;;;;;;;;;;;;;;;;;;;;;;;;;;;;;;;;;;;;;;;;;;;;;;;;;;;;;;;;;;;;;;;;;;;;;;;;;;;;;;;;;;;;;;;;;;;;;;;;;;;;;;;;;;;;;;;;;;;;;;;;;;;;;;;;;;;;;;;;;;;;;;;;;;;;;;;;;;;;;;;;;;;;;;;;;;;;;;;;;;;;;;;;;;;;;;;;;;;;;;;;;;;;;;;;;;;;;;;;;;;;;;;;;;;;;;;;;;;;;;;;;;;;;;;;;;;;;;;;;;;;;;;;;;;;;;;;;;;;;;;;;;;;;;;;;;;;;;;;;;;;;;;;;;;;;;;;;;;;;;;;;;;;;;;;;;;;;;;;;;;;;;;;;;;;;;;;;;;;;;;;;;;;;;;;;;;;;;;;;;;;;;;;;;;;;;;;;;;;;;;;;;;;;;;;;;;;;;;;;;;;;;;;;;;;;;;;;;;;;;;;;;;;;;;;;;;;;;;;;;;;;;;;;;;;;;;;;;;;;;;;;;;;;;;;;;;;;;;;;;;;;;;;;;;;;;;;;;;;;;